City_ID,City,Lat,Lng,Max Temp,Humidity,Cloudiness,Wind Speed,Country,Current Description
0,Mount Pleasant,32.79,-79.86,70.0,60,20,4.7,US,few clouds
1,Vaini,-21.2,-175.2,73.4,94,90,10.29,TO,overcast clouds
2,Busselton,-33.65,115.33,48.0,64,99,8.95,AU,overcast clouds
3,Ushuaia,-54.8,-68.3,46.4,73,40,17.22,AR,scattered clouds
4,Tandalti,13.02,31.87,85.3,53,45,17.78,SD,scattered clouds
5,Comodoro Rivadavia,-45.87,-67.5,66.2,45,0,13.87,AR,clear sky
6,Hermanus,-34.42,19.23,59.0,86,12,5.99,ZA,few clouds
7,Bluff,-46.6,168.33,50.0,96,100,17.0,NZ,light rain
8,New Norfolk,-42.78,147.06,51.01,91,100,1.12,AU,light rain
9,Pangnirtung,66.15,-65.71,33.8,91,90,11.41,CA,overcast clouds
10,Ponta Do Sol,32.67,-17.1,71.6,78,40,12.75,PT,scattered clouds
11,Cape Town,-33.93,18.42,64.0,72,20,3.36,ZA,few clouds
12,Rikitea,-23.12,-134.97,72.95,77,0,17.65,PF,clear sky
13,Tuktoyaktuk,69.45,-133.04,42.8,93,90,8.05,CA,shower rain
14,Bodaybo,57.85,114.19,28.53,89,21,1.43,RU,few clouds
15,Kapaa,22.08,-159.32,84.99,74,40,4.7,US,scattered clouds
16,Pareora,-44.49,171.21,55.94,66,100,14.56,NZ,overcast clouds
17,Chokurdakh,70.63,147.92,27.86,98,99,13.24,RU,overcast clouds
18,Kutum,14.2,24.67,82.89,35,62,5.97,SD,broken clouds
19,Kumluca,36.37,30.29,76.23,40,0,4.72,TR,clear sky
20,Port Alfred,-33.59,26.89,61.7,84,67,19.6,ZA,light rain
21,Jamestown,42.1,-79.24,57.0,54,40,9.17,US,scattered clouds
22,Nome,64.5,-165.41,46.99,87,90,5.82,US,light rain
23,Rio Novo Do Sul,-20.86,-40.94,80.24,67,0,6.82,BR,clear sky
24,Dikson,73.51,80.55,34.38,87,100,19.19,RU,overcast clouds
25,Redding,40.59,-122.39,91.4,22,1,5.82,US,smoke
26,Dengzhou,37.81,120.75,62.44,64,0,16.6,CN,clear sky
27,Caravelas,-17.71,-39.25,77.5,75,0,10.56,BR,clear sky
28,Talnakh,69.49,88.4,26.6,92,0,29.08,RU,clear sky
29,Castro,-24.79,-50.01,73.36,69,74,13.09,BR,broken clouds
30,Hobart,-42.88,147.33,51.01,93,90,8.05,AU,overcast clouds
31,Salalah,17.02,54.09,78.8,78,0,2.24,OM,clear sky
32,Araouane,18.9,-3.53,97.27,25,98,8.34,ML,light rain
33,Port Elizabeth,-33.92,25.57,60.8,93,93,11.41,ZA,light rain
34,Guerrero Negro,27.98,-114.06,90.19,27,0,11.5,MX,clear sky
35,Naze,28.37,129.48,71.6,94,8,9.62,JP,clear sky
36,Colares,38.8,-9.45,63.0,72,20,4.7,PT,few clouds
37,Mao,39.89,4.27,66.2,45,20,10.29,ES,few clouds
38,Mount Gambier,-37.83,140.77,55.4,93,90,5.82,AU,light intensity shower rain
39,Coahuayana,18.73,-103.68,84.2,45,40,11.41,MX,scattered clouds
40,Tasiilaq,65.61,-37.64,30.2,92,20,6.93,GL,fog
41,Gilgit,35.92,74.31,65.7,26,0,3.96,PK,clear sky
42,Damghan,36.17,54.35,61.2,40,23,2.3,IR,few clouds
43,Jaque,7.52,-78.17,76.68,89,100,10.51,PA,heavy intensity rain
44,Shitanjing,39.23,106.34,35.4,66,0,3.33,CN,clear sky
45,Ipixuna,-1.76,-48.8,86.0,74,40,10.29,BR,scattered clouds
46,Olafsvik,64.89,-23.71,42.85,80,94,9.33,IS,overcast clouds
47,Mataura,-46.19,168.86,50.0,96,100,17.0,NZ,light rain
48,Khatanga,71.97,102.5,18.0,98,88,11.72,RU,overcast clouds
49,Kushima,31.46,131.23,69.33,86,59,4.36,JP,broken clouds
50,Kavieng,-2.57,150.8,82.72,75,99,9.95,PG,overcast clouds
51,Qaanaaq,77.48,-69.36,25.7,88,99,2.08,GL,overcast clouds
52,Yellowknife,62.46,-114.35,50.0,76,75,20.8,CA,broken clouds
53,Sturgeon Bay,44.83,-87.38,46.4,75,90,4.7,US,moderate rain
54,Lebu,-37.62,-73.65,50.05,60,2,8.41,CL,clear sky
55,Leningradskiy,69.38,178.42,30.87,95,100,12.19,RU,overcast clouds
56,Saint George,37.1,-113.58,84.99,8,1,0.56,US,clear sky
57,Marienburg,54.04,19.03,66.0,100,97,15.26,PL,overcast clouds
58,Esperance,-33.87,121.9,46.4,100,90,5.82,AU,overcast clouds
59,Narsaq,60.92,-46.05,41.0,65,20,6.93,GL,few clouds
60,Kroya,-7.63,109.25,64.0,88,100,5.75,ID,light rain
61,Poim,53.03,43.19,54.84,63,100,6.11,RU,overcast clouds
62,Albany,42.6,-73.97,60.01,64,95,8.12,US,light rain
63,Thompson,55.74,-97.86,42.8,60,75,5.82,CA,broken clouds
64,Gat,31.61,34.76,77.0,71,0,3.13,IL,clear sky
65,Sur,22.57,59.53,82.83,45,0,7.0,OM,clear sky
66,Port Macquarie,-31.43,152.92,53.01,99,5,12.75,AU,clear sky
67,Zakamensk,50.37,103.29,22.39,78,0,2.04,RU,clear sky
68,Bethel,41.37,-73.41,66.0,42,20,8.05,US,few clouds
69,Ambovombe,-25.17,46.08,66.79,79,93,14.99,MG,overcast clouds
70,Balikpapan,-1.27,116.83,76.59,87,100,8.25,ID,overcast clouds
71,Ambon,-3.7,128.18,78.87,86,100,7.72,ID,light rain
72,Eureka,40.8,-124.16,62.6,87,90,3.36,US,mist
73,Tuatapere,-46.13,167.68,50.0,96,100,17.0,NZ,light rain
74,Salamanca,40.83,-6.0,54.0,73,7,1.99,ES,clear sky
75,Butaritari,3.07,172.79,81.46,71,99,11.48,KI,overcast clouds
76,Santa Fe,-31.63,-60.7,52.61,53,100,13.71,AR,overcast clouds
77,Hanyu,36.17,139.53,72.0,79,99,3.91,JP,overcast clouds
78,San Patricio,19.22,-104.7,91.4,63,5,9.17,MX,clear sky
79,Mezhdurechensk,53.69,88.06,33.3,90,0,2.55,RU,clear sky
80,Kasangulu,-4.59,15.17,87.8,58,40,2.24,CD,scattered clouds
81,Lasa,46.62,10.7,52.0,87,75,10.29,IT,broken clouds
82,Rafai,4.95,23.92,70.72,86,63,1.28,CF,broken clouds
83,Torbay,47.67,-52.73,64.99,93,75,18.34,CA,broken clouds
84,Atuona,-9.8,-139.03,78.13,76,39,26.13,PF,light rain
85,Bengkulu,-3.8,102.27,75.92,84,100,6.4,ID,overcast clouds
86,Westport,41.14,-73.36,66.99,45,1,11.41,US,clear sky
87,Chapulhuacan,21.17,-98.9,74.44,59,14,6.42,MX,few clouds
88,Puerto Ayora,-0.74,-90.35,77.0,61,40,20.8,EC,scattered clouds
89,Norman Wells,65.28,-126.83,50.0,71,40,4.21,CA,scattered clouds
90,Clyde River,70.47,-68.59,26.6,86,90,2.24,CA,overcast clouds
91,Sao Jose Da Coroa Grande,-8.9,-35.15,77.4,75,99,9.01,BR,overcast clouds
92,Hilo,19.73,-155.09,82.4,61,1,4.7,US,clear sky
93,Bredasdorp,-34.53,20.04,60.8,87,86,9.17,ZA,overcast clouds
94,San Luis,-33.3,-66.34,60.13,37,100,5.03,AR,overcast clouds
95,Cairns,-16.92,145.77,75.2,60,75,14.99,AU,broken clouds
96,Shingu,33.73,135.98,67.33,88,97,4.27,JP,overcast clouds
97,La Ronge,55.1,-105.28,53.6,58,75,8.05,CA,broken clouds
98,Luderitz,-26.65,15.16,56.97,80,0,10.98,NA,clear sky
99,Payson,40.04,-111.73,78.01,30,1,4.7,US,clear sky
100,Sao Joao Da Barra,-21.64,-41.05,80.6,74,40,23.04,BR,scattered clouds
101,Port Hedland,-20.32,118.57,69.8,38,100,19.46,AU,overcast clouds
102,Severo-Kurilsk,50.68,156.12,45.18,77,100,6.96,RU,overcast clouds
103,Wanning,18.8,110.4,80.29,88,87,5.19,CN,overcast clouds
104,Padang,-0.95,100.35,77.97,73,96,3.02,ID,overcast clouds
105,Avarua,-21.21,-159.78,77.0,69,49,10.29,CK,scattered clouds
106,Takoradi,4.88,-1.76,76.37,87,30,7.81,GH,scattered clouds
107,Hami,42.8,93.45,53.38,34,66,4.52,CN,broken clouds
108,Fort Morgan,40.25,-103.8,66.2,22,1,9.17,US,clear sky
109,Pevek,69.7,170.31,31.33,97,100,3.87,RU,overcast clouds
110,Poum,-20.23,164.02,69.8,73,2,11.56,NC,clear sky
111,Palomares,17.15,-95.07,79.45,73,31,17.63,MX,light rain
112,Cidreira,-30.18,-50.21,56.57,90,100,16.78,BR,light rain
113,Carnarvon,-24.87,113.63,57.2,54,0,23.04,AU,clear sky
114,Barrow,71.29,-156.79,33.8,94,90,5.82,US,mist
115,Bambanglipuro,-7.95,110.28,76.35,87,22,8.59,ID,few clouds
116,Karratha,-20.74,116.85,60.57,31,90,17.49,AU,overcast clouds
117,Ormara,25.21,64.64,86.79,39,0,14.83,PK,clear sky
118,San Quintin,30.48,-115.95,86.04,31,0,7.18,MX,clear sky
119,Alofi,-19.06,-169.92,77.0,88,75,14.99,NU,broken clouds
120,Bialogard,54.01,15.99,63.0,77,56,15.41,PL,broken clouds
121,Lagoa,39.05,-27.98,68.83,87,66,17.13,PT,broken clouds
122,Tessalit,20.2,1.01,91.6,26,88,5.86,ML,light rain
123,Punta Arenas,-53.15,-70.92,48.2,57,75,28.86,CL,broken clouds
124,Saldanha,-33.01,17.94,60.8,77,0,4.7,ZA,clear sky
125,Richards Bay,-28.78,32.04,67.5,93,100,11.97,ZA,light rain
126,Bubaque,11.28,-15.83,81.77,77,77,11.16,GW,broken clouds
127,Cherskiy,68.75,161.3,26.78,96,22,4.43,RU,few clouds
128,Chapais,49.78,-74.85,41.0,48,90,11.41,CA,overcast clouds
129,Ostrovnoy,68.05,39.51,38.62,77,52,15.61,RU,broken clouds
130,Deputatskiy,69.3,139.9,22.57,97,99,14.58,RU,overcast clouds
131,Pecos,31.42,-103.49,89.6,14,1,4.7,US,clear sky
132,Faanui,-16.48,-151.75,78.28,77,7,19.35,PF,clear sky
133,Coquimbo,-29.95,-71.34,59.0,58,100,14.99,CL,overcast clouds
134,Port Hardy,50.7,-127.42,53.6,100,90,3.36,CA,mist
135,Gorontalo,0.54,123.06,75.7,85,98,2.53,ID,overcast clouds
136,Amahai,-3.33,128.92,77.49,86,99,1.72,ID,moderate rain
137,Bandarbeyla,9.49,50.81,77.83,87,26,8.57,SO,light rain
138,Kruisfontein,-34.0,24.73,60.01,92,78,5.01,ZA,light rain
139,Harper,4.38,-7.72,77.47,87,72,10.56,LR,light rain
140,Hithadhoo,-0.6,73.08,83.37,74,100,10.63,MV,overcast clouds
141,Sinnamary,5.38,-52.95,83.61,74,83,11.12,GF,broken clouds
142,Lompoc,34.64,-120.46,84.2,44,1,6.93,US,clear sky
143,Bairiki,1.33,172.98,80.6,78,75,5.82,KI,broken clouds
144,Hofn,64.25,-15.21,47.55,93,100,14.79,IS,light rain
145,San Cristobal,7.77,-72.22,89.6,52,40,8.05,VE,scattered clouds
146,Kondinskoye,59.65,67.41,32.58,92,58,10.51,RU,broken clouds
147,Moree,-29.47,149.85,59.0,72,0,11.41,AU,clear sky
148,Chabahar,25.29,60.64,82.4,69,0,2.26,IR,clear sky
149,Kamsack,51.57,-101.9,48.2,70,90,4.7,CA,overcast clouds
150,Arman,59.7,150.17,40.15,78,100,2.95,RU,overcast clouds
151,Paamiut,61.99,-49.67,35.89,85,15,7.38,GL,few clouds
152,Pisco,-13.7,-76.22,71.6,60,1,19.46,PE,dust
153,Camana,-16.62,-72.71,66.81,64,12,12.35,PE,few clouds
154,Avera,33.19,-82.53,71.6,46,40,6.93,US,scattered clouds
155,Rocha,-34.48,-54.33,50.2,67,84,13.02,UY,broken clouds
156,Buraydah,26.33,43.98,82.4,30,0,9.66,SA,clear sky
157,Stuttgart,48.78,9.18,50.0,93,0,2.24,DE,clear sky
158,Mahebourg,-20.41,57.7,69.8,88,40,1.12,MU,scattered clouds
159,Port Lincoln,-34.73,135.87,57.31,94,100,13.47,AU,overcast clouds
160,Algiers,36.75,3.04,62.6,63,20,5.82,DZ,few clouds
161,Isangel,-19.55,169.27,73.4,88,75,9.17,VU,broken clouds
162,Yvetot,49.62,0.76,52.0,93,100,5.82,FR,overcast clouds
163,Guaruja,-23.99,-46.26,73.99,26,100,8.34,BR,overcast clouds
164,Lere,10.39,8.57,70.11,82,82,2.01,NG,broken clouds
165,Esil,51.96,66.4,50.16,59,83,5.61,KZ,broken clouds
166,Nikolskoye,59.7,30.79,57.99,67,100,4.47,RU,overcast clouds
167,Tiksi,71.69,128.87,24.73,95,67,21.9,RU,broken clouds
168,Palmer,42.16,-72.33,66.0,39,40,5.82,US,scattered clouds
169,Longyearbyen,78.22,15.64,32.0,87,75,1.12,SJ,broken clouds
170,Qasigiannguit,68.82,-51.19,33.8,69,40,4.7,GL,scattered clouds
171,Kitimat,54.05,-128.65,59.0,100,90,2.24,CA,mist
172,Acari,-15.43,-74.62,72.41,49,32,10.45,PE,scattered clouds
173,Komsomolskiy,40.43,71.72,55.4,47,0,4.7,UZ,clear sky
174,Porto Novo,6.5,2.6,80.6,83,40,10.29,BJ,scattered clouds
175,Pop,40.87,71.11,55.4,58,1,4.7,UZ,clear sky
176,Honiara,-9.43,159.95,69.8,100,75,3.62,SB,broken clouds
177,Saint-Francois,46.42,3.91,51.01,93,100,13.87,FR,light rain
178,Taldan,53.67,124.8,36.14,85,99,8.86,RU,overcast clouds
179,East London,-33.02,27.91,60.8,100,90,12.75,ZA,light rain
180,Ribeira Grande,38.52,-28.7,69.8,83,40,10.29,PT,scattered clouds
181,Nabire,-3.37,135.48,75.45,91,100,2.28,ID,moderate rain
182,Constitucion,-35.33,-72.42,52.54,56,4,15.32,CL,clear sky
183,Sorland,67.67,12.69,52.52,76,0,16.28,NO,clear sky
184,Hasaki,35.73,140.83,64.4,93,75,1.12,JP,light rain
185,Kodiak,57.79,-152.41,48.2,81,20,9.17,US,few clouds
186,Nisia Floresta,-6.09,-35.21,82.4,61,98,13.87,BR,overcast clouds
187,Berlevag,70.86,29.09,47.44,80,32,23.06,NO,scattered clouds
188,Betanzos,43.28,-8.21,57.2,76,20,9.17,ES,few clouds
189,Sremski Karlovci,45.2,19.93,77.0,47,100,19.46,RS,overcast clouds
190,Georgetown,5.41,100.34,78.8,94,20,3.36,MY,few clouds
191,Aklavik,68.22,-135.01,44.6,93,40,4.7,CA,scattered clouds
192,Kiunga,-6.12,141.29,72.52,99,100,1.14,PG,light rain
193,Trofors,65.53,13.41,59.0,51,2,11.41,NO,clear sky
194,Portland,45.52,-122.68,62.6,77,75,4.7,US,broken clouds
195,Seoul,37.57,126.98,64.4,77,90,5.91,KR,overcast clouds
196,Broome,42.25,-75.83,59.0,43,40,11.41,US,scattered clouds
197,Amudat,1.95,34.95,74.01,60,98,4.29,UG,overcast clouds
198,Manali,13.17,80.27,86.0,74,75,4.7,IN,mist
199,Itaituba,-4.28,-55.98,100.9,29,83,2.71,BR,broken clouds
200,Freital,51.0,13.65,62.6,72,75,8.05,DE,broken clouds
201,Merauke,-8.47,140.33,78.66,83,100,12.48,ID,overcast clouds
202,Yulara,-25.24,130.99,69.8,73,90,10.29,AU,overcast clouds
203,Praia Da Vitoria,38.73,-27.07,72.0,88,75,16.46,PT,broken clouds
204,Kyzyl-Suu,42.34,78.0,44.11,59,0,3.29,KG,clear sky
205,Gamut,8.53,126.24,74.77,95,98,4.47,PH,overcast clouds
206,Caborca,30.58,-111.1,98.01,25,1,1.01,MX,clear sky
207,Waiuku,-37.25,174.75,55.99,100,11,3.36,NZ,few clouds
208,Kahului,20.89,-156.47,84.2,58,20,4.7,US,few clouds
209,Mar Del Plata,-38.0,-57.56,48.0,52,75,10.29,AR,broken clouds
210,Moron,-34.65,-58.62,55.0,54,40,14.99,AR,scattered clouds
211,Pemberton,50.32,-122.8,64.4,63,5,1.3,CA,clear sky
212,Marion,39.77,-86.16,64.99,36,75,11.41,US,broken clouds
213,Paithan,19.48,75.38,77.0,78,40,5.3,IN,scattered clouds
214,Sokoto,13.06,5.24,76.05,72,100,5.08,NG,overcast clouds
215,Udachnyy,66.42,112.4,30.2,92,90,6.71,RU,light snow
216,Crotone,39.09,17.12,73.4,100,40,13.87,IT,light intensity drizzle
217,Binga,-17.62,27.34,79.32,37,0,2.57,ZW,clear sky
218,Kazachinskoye,57.7,93.28,39.0,82,100,6.24,RU,overcast clouds
219,Bambous Virieux,-20.34,57.76,69.8,88,40,1.12,MU,scattered clouds
220,Souillac,-20.52,57.52,69.8,88,40,1.12,MU,scattered clouds
221,Vostok,46.49,135.88,36.72,99,1,6.24,RU,clear sky
222,Ongandjera,-17.88,15.07,80.67,14,99,20.38,NA,overcast clouds
223,Seymchan,62.88,152.43,27.12,93,0,3.09,RU,clear sky
224,Ballina,-28.87,153.57,55.0,93,51,3.69,AU,broken clouds
225,Bathsheba,13.22,-59.52,86.0,66,20,10.29,BB,few clouds
226,Arraial Do Cabo,-22.97,-42.03,77.0,88,40,6.93,BR,scattered clouds
227,Bandundu,-3.32,17.37,78.82,73,13,2.75,CD,light rain
228,Donskoye,45.46,41.97,53.6,87,90,6.71,RU,overcast clouds
229,Fort Nelson,58.81,-122.7,50.0,76,75,2.24,CA,broken clouds
230,Sechura,-5.56,-80.82,77.65,51,61,17.38,PE,broken clouds
231,Kiama,-34.68,150.87,64.99,76,97,11.99,AU,overcast clouds
232,Solok,-0.79,100.66,71.37,78,99,1.1,ID,overcast clouds
233,Helong,42.54,129.0,42.39,72,0,5.88,CN,clear sky
234,Simao,22.79,100.97,65.66,95,100,1.12,CN,overcast clouds
235,Yelanskiy,56.84,62.5,36.12,83,0,6.87,RU,clear sky
236,Lagos,6.58,3.75,76.12,89,64,4.32,NG,broken clouds
237,Saskylakh,71.92,114.08,20.79,96,89,12.24,RU,overcast clouds
238,Chuy,-33.7,-53.46,53.17,71,82,13.71,UY,broken clouds
239,Ilulissat,69.22,-51.1,33.8,69,40,4.7,GL,scattered clouds
240,Pleshanovo,52.83,53.48,51.49,79,0,4.68,RU,clear sky
241,Oksfjord,70.24,22.35,50.0,71,0,23.04,NO,clear sky
242,Skibbereen,51.55,-9.27,46.4,81,40,8.05,IE,light rain
243,College,64.86,-147.8,57.2,70,75,3.36,US,broken clouds
244,Inhambane,-23.86,35.38,75.0,88,75,6.93,MZ,broken clouds
245,Two Hills,53.72,-111.75,64.4,36,6,8.57,CA,clear sky
246,Dingle,11.0,122.67,76.44,87,97,1.5,PH,heavy intensity rain
247,Bhuban,20.88,85.83,77.92,94,35,2.13,IN,moderate rain
248,Kiruna,67.86,20.23,44.6,87,79,6.93,SE,broken clouds
249,Itaueira,-7.6,-43.03,96.94,21,100,5.64,BR,overcast clouds
250,Teya,60.38,92.63,43.43,88,100,8.93,RU,light rain
251,Usinsk,65.99,57.53,31.66,96,0,7.58,RU,clear sky
252,Azle,32.9,-97.55,82.99,37,40,17.22,US,scattered clouds
253,Ahuimanu,21.44,-157.84,82.99,69,40,9.17,US,scattered clouds
254,Biskupiec,53.86,20.96,64.4,72,75,10.29,PL,broken clouds
255,Marawi,8.0,124.29,75.0,90,82,5.01,PH,broken clouds
256,Nanortalik,60.14,-45.24,35.83,86,83,11.9,GL,broken clouds
257,Tateyama,34.98,139.87,70.0,87,99,1.99,JP,moderate rain
258,Codrington,-38.27,141.97,54.97,93,100,2.33,AU,light rain
259,Baculin,7.45,126.58,78.49,77,73,4.72,PH,broken clouds
260,Mikhaylovka,50.06,43.24,55.99,33,100,1.99,RU,overcast clouds
261,Saint-Philippe,-21.36,55.77,73.4,78,75,17.22,RE,broken clouds
262,Mega,4.05,38.3,64.96,61,8,10.4,ET,clear sky
263,Airai,-8.93,125.41,57.0,91,99,2.8,TL,overcast clouds
264,Riachao Do Dantas,-11.07,-37.73,76.73,71,26,9.98,BR,scattered clouds
265,Yeniseysk,58.45,92.17,40.84,89,100,6.64,RU,overcast clouds
266,Huilong,31.81,121.66,69.01,97,100,15.08,CN,light rain
267,Sturgeon Falls,46.36,-79.93,51.01,59,75,9.17,CA,broken clouds
268,Puerto Montt,-41.47,-72.94,59.0,33,75,4.7,CL,broken clouds
269,Yonibana,8.44,-12.24,74.52,97,100,1.86,SL,light rain
270,Half Moon Bay,37.46,-122.43,84.0,73,5,3.36,US,smoke
271,Oistins,13.07,-59.53,86.0,66,20,10.29,BB,few clouds
272,Puerto Leguizamo,-0.19,-74.78,91.17,44,5,3.85,CO,clear sky
273,Aksu,41.12,80.26,57.07,36,83,5.06,CN,broken clouds
274,Calama,-22.47,-68.93,80.6,8,0,20.8,CL,clear sky
275,Pontian Kecil,1.48,103.39,80.01,88,20,1.12,MY,few clouds
276,Sola,-13.88,167.55,78.21,80,1,20.85,VU,clear sky
277,Necochea,-38.55,-58.74,46.0,59,9,5.01,AR,clear sky
278,Sorong,-0.88,131.25,77.88,87,100,5.73,ID,overcast clouds
279,Vestmannaeyjar,63.44,-20.27,46.4,81,40,10.29,IS,scattered clouds
280,Aleksandrov Gay,50.15,48.57,56.73,54,8,5.86,RU,clear sky
281,Abu Samrah,35.3,37.18,65.19,80,0,6.2,SY,clear sky
282,Emirdag,39.02,31.15,59.92,34,0,1.39,TR,clear sky
283,Ban Nahin,18.24,104.21,76.23,89,100,1.54,LA,overcast clouds
284,Whitianga,-36.83,175.7,53.01,98,3,1.01,NZ,clear sky
285,Matara,5.95,80.54,78.82,84,100,11.34,LK,overcast clouds
286,Viseu,40.66,-7.91,59.0,75,39,7.0,PT,scattered clouds
287,Inta,66.03,60.17,31.53,96,10,7.76,RU,clear sky
288,Kamenka,51.32,42.77,48.99,47,100,6.67,RU,overcast clouds
289,Nuevo Progreso,23.17,-97.95,89.01,49,7,4.0,MX,clear sky
290,Cabatuan,10.88,122.49,77.18,84,96,1.9,PH,overcast clouds
291,Praia,14.92,-23.51,80.6,78,75,20.8,CV,broken clouds
292,Beringovskiy,63.05,179.32,36.99,93,100,18.7,RU,overcast clouds
293,Harrisburg,40.27,-76.88,64.4,34,1,6.93,US,clear sky
294,Eyl,7.98,49.82,79.0,82,73,11.56,SO,light rain
295,Ewa Beach,21.32,-158.01,82.4,78,20,4.7,US,few clouds
296,Kloulklubed,7.04,134.26,84.42,72,22,9.17,PW,few clouds
297,Zeya,53.75,127.27,39.96,78,100,6.22,RU,overcast clouds
298,Kamaishi,39.27,141.88,65.08,80,100,3.91,JP,overcast clouds
299,Bilibino,68.05,166.44,23.29,89,92,1.12,RU,overcast clouds
300,Chifeng,42.27,118.96,38.1,65,0,7.36,CN,clear sky
301,Nizwa,22.93,57.53,82.72,29,0,4.94,OM,clear sky
302,Konstantinovka,49.62,127.98,46.38,95,100,5.95,RU,moderate rain
303,Qaqortoq,60.72,-46.03,41.0,65,20,6.93,GL,few clouds
304,Skiathos,39.16,23.49,66.99,72,0,5.48,GR,clear sky
305,Pizarro,4.95,-77.37,76.37,90,100,8.48,CO,moderate rain
306,Tanhacu,-14.02,-41.25,92.41,15,0,6.58,BR,clear sky
307,Kaitangata,-46.28,169.85,53.01,80,100,20.0,NZ,light rain
308,Boa Vista,2.82,-60.67,96.8,37,75,6.93,BR,broken clouds
309,Saint Anthony,45.02,-93.22,52.0,49,90,1.79,US,overcast clouds
310,Golden,39.76,-105.22,66.0,29,5,6.93,US,clear sky
311,Tual,-5.67,132.75,80.38,83,100,17.52,ID,moderate rain
312,Marquette,46.53,-87.63,45.0,82,98,3.29,US,overcast clouds
313,Touros,-5.2,-35.46,82.4,61,95,13.87,BR,overcast clouds
314,Victoria,22.29,114.16,82.0,81,100,6.67,HK,overcast clouds
315,Gerash,27.67,54.14,78.8,29,0,5.59,IR,clear sky
316,Cayenne,4.93,-52.33,86.0,66,50,11.41,GF,scattered clouds
317,Toowoomba,-27.55,151.97,54.0,100,85,9.17,AU,overcast clouds
318,Paredon,16.03,-93.87,86.11,60,96,17.07,MX,overcast clouds
319,Wasilla,61.58,-149.44,53.6,57,90,5.82,US,overcast clouds
320,Berdigestyakh,62.1,126.7,22.26,96,0,4.47,RU,clear sky
321,Presidencia Roque Saenz Pena,-26.79,-60.44,68.59,52,33,14.32,AR,scattered clouds
322,Banjar,-8.19,114.97,78.8,100,40,8.05,ID,scattered clouds
323,Dingwall,57.6,-4.43,48.0,100,100,3.36,GB,moderate rain
324,Perth,-31.93,115.83,52.0,87,75,3.36,AU,broken clouds
325,Mitu,1.2,-70.17,90.23,52,54,2.33,CO,broken clouds
326,Alice Springs,-23.7,133.88,80.6,13,7,25.28,AU,clear sky
327,Nsanje,-16.92,35.26,76.57,60,48,5.91,MW,scattered clouds
328,Le Port,-20.94,55.29,71.6,83,28,11.41,RE,scattered clouds
329,Erzin,36.96,36.2,78.01,74,0,1.57,TR,clear sky
330,Caraballeda,10.61,-66.85,82.99,73,91,7.96,VE,overcast clouds
331,Hidalgo,20.5,-99.0,62.98,59,88,8.66,MX,overcast clouds
332,Meulaboh,4.14,96.13,77.09,80,100,6.76,ID,overcast clouds
333,Aswan,24.09,32.91,89.26,15,0,12.64,EG,clear sky
334,Najran,17.49,44.13,75.2,23,0,4.7,SA,clear sky
335,Flinders,-34.58,150.86,64.99,76,95,11.99,AU,overcast clouds
336,Launceston,-41.45,147.17,55.0,93,90,2.08,AU,light rain
337,Muli,2.92,73.57,80.31,78,100,11.7,MV,moderate rain
338,Teguise,29.06,-13.56,73.4,83,75,13.87,ES,light intensity drizzle
339,Yumen,40.28,97.2,36.86,60,46,17.6,CN,scattered clouds
340,Yerbogachen,61.28,108.01,30.63,98,98,7.92,RU,overcast clouds
341,Muyezerskiy,63.93,31.65,44.06,95,54,6.53,RU,broken clouds
342,Intipuca,13.2,-88.05,89.6,74,20,5.82,SV,few clouds
343,Svetlogorsk,52.63,29.73,57.65,79,88,10.02,BY,overcast clouds
344,Ginda,30.69,78.49,58.62,48,0,5.23,IN,clear sky
345,Katherine,-14.47,132.27,78.8,44,100,5.82,AU,overcast clouds
346,Svetlyy,54.67,20.13,60.8,82,70,15.66,RU,broken clouds
347,Arrecife,28.96,-13.55,73.4,83,75,13.87,ES,light intensity drizzle
348,Saint-Joseph,-21.37,55.62,73.4,78,75,17.22,RE,broken clouds
349,Khasan,42.43,130.64,51.24,84,0,3.96,RU,clear sky
350,Laguna,38.42,-121.42,86.0,42,1,5.82,US,haze
351,Vestmanna,62.16,-7.17,48.2,100,100,6.93,FO,light intensity drizzle
352,Usogorsk,63.41,48.69,33.6,90,0,3.13,RU,clear sky
353,Arlit,18.74,7.39,98.31,19,39,12.39,NE,scattered clouds
354,Wynyard,-41.0,145.72,53.01,90,100,4.0,AU,light rain
355,Mormugao,15.4,73.8,78.8,88,75,5.82,IN,heavy intensity rain
356,Chicama,-7.84,-79.15,72.09,60,87,10.98,PE,overcast clouds
357,Cabo San Lucas,22.89,-109.91,91.99,52,5,11.41,MX,clear sky
358,Kyra,49.58,111.98,25.92,88,29,7.36,RU,scattered clouds
359,Puerto Quijarro,-17.78,-57.77,104.16,17,100,3.83,BO,overcast clouds
360,Yatou,37.15,122.38,57.65,76,6,4.7,CN,clear sky
361,Esmeraldas,-19.76,-44.31,95.0,20,88,13.87,BR,overcast clouds
362,Solwezi,-12.17,26.39,65.07,30,0,1.12,ZM,clear sky
363,Moose Factory,51.26,-80.61,41.0,56,90,9.17,CA,overcast clouds
364,Onguday,50.75,86.15,34.14,83,0,2.04,RU,clear sky
365,Mayo,38.89,-76.51,66.99,55,1,5.82,US,clear sky
366,Saint Paul,44.94,-93.09,53.01,46,90,4.7,US,overcast clouds
367,Camacha,33.08,-16.33,69.8,88,75,12.75,PT,shower rain
368,Yarmouth,41.71,-70.23,64.99,52,20,5.82,US,few clouds
369,Nioro,13.35,-15.75,82.42,77,46,5.75,GM,light rain
370,Abakaliki,6.32,8.12,77.76,88,99,6.02,NG,light rain
371,Goma,-1.68,29.22,66.61,66,46,1.34,CD,scattered clouds
372,Hanna,51.63,-111.9,66.0,30,0,7.0,CA,clear sky
373,Pombal,-6.77,-37.8,97.16,17,58,11.92,BR,broken clouds
374,Dunedin,-45.87,170.5,55.0,88,75,4.0,NZ,broken clouds
375,Zhangye,38.93,100.45,44.38,50,0,1.25,CN,clear sky
376,Vanimo,-2.67,141.3,77.4,87,66,5.91,PG,light rain
377,Port Alberni,49.24,-124.8,64.99,93,20,5.82,CA,mist
378,Yulin,22.63,110.15,75.29,93,79,1.5,CN,light rain
379,Milkovo,54.72,158.62,33.66,90,0,1.25,RU,clear sky
380,Zhengjiatun,43.51,123.51,44.22,75,100,14.76,CN,light rain
381,Karla,59.37,24.93,55.0,81,22,11.41,EE,few clouds
382,Husavik,66.04,-17.34,35.6,93,90,3.36,IS,heavy intensity rain
383,Te Anau,-45.42,167.72,53.37,87,79,7.83,NZ,broken clouds
384,Imbituba,-28.24,-48.67,60.8,100,75,13.87,BR,light rain
385,Bulungu,-4.55,18.6,75.4,82,66,3.31,CD,moderate rain
386,Buala,-8.14,159.59,80.19,76,0,4.36,SB,clear sky
387,Tautira,-17.73,-149.15,82.4,69,20,3.36,PF,few clouds
388,Evans,33.53,-82.13,75.0,38,40,6.93,US,scattered clouds
389,Taksimo,56.34,114.88,28.04,89,0,3.04,RU,clear sky
390,Amuntai,-2.42,115.25,71.49,82,100,0.65,ID,overcast clouds
391,Nelson Bay,-32.72,152.15,60.01,93,0,12.59,AU,clear sky
392,Ha Giang,22.83,104.98,77.07,84,99,0.69,VN,overcast clouds
393,Blagoyevo,63.37,47.92,33.78,90,0,3.38,RU,clear sky
394,Vao,-22.67,167.48,69.84,77,2,23.26,NC,clear sky
395,Bridlington,54.08,-0.19,55.4,100,100,6.93,GB,moderate rain
396,Badiraguato,25.37,-107.52,98.01,52,40,3.87,MX,scattered clouds
397,Upernavik,72.79,-56.15,32.74,90,75,13.22,GL,broken clouds
398,Ketchikan,55.34,-131.65,57.56,79,100,2.44,US,overcast clouds
399,Les Cayes,18.2,-73.75,83.44,74,39,14.47,HT,scattered clouds
400,Mackay,-21.15,149.2,71.6,68,75,14.99,AU,broken clouds
401,Anadyr,64.75,177.48,32.0,85,40,4.47,RU,light snow
402,Weihe,33.0,105.32,51.58,75,100,5.99,CN,light rain
403,Taoudenni,22.68,-3.98,96.06,16,0,5.53,ML,clear sky
404,Ancud,-41.87,-73.82,57.2,35,0,5.82,CL,clear sky
405,Gordeyevka,52.96,31.97,54.55,49,97,12.33,RU,overcast clouds
406,Agadez,19.75,10.25,94.59,19,90,10.69,NE,overcast clouds
407,Lipin Bor,60.26,37.98,50.4,92,100,7.61,RU,overcast clouds
408,Dwarka,22.24,68.97,81.32,77,0,9.31,IN,clear sky
409,Abu Kamal,34.45,40.92,75.97,28,0,5.93,SY,clear sky
410,Binzhou,37.37,118.02,55.04,42,1,15.84,CN,light rain
411,Mount Isa,-20.73,139.5,66.2,42,55,9.17,AU,broken clouds
412,Lagoa Vermelha,-28.21,-51.53,61.65,86,90,11.65,BR,light rain
413,Cartagena,10.4,-75.51,84.2,79,40,4.7,CO,scattered clouds
414,Tadine,-21.55,167.88,70.65,76,0,17.11,NC,clear sky
415,Urengoy,65.97,78.37,29.75,94,85,20.74,RU,overcast clouds
416,Saint-Georges,12.06,-61.75,86.0,70,40,11.41,GD,scattered clouds
417,Sitka,57.05,-135.33,53.6,87,75,8.05,US,mist
418,Anchorage,61.22,-149.9,53.01,53,90,8.05,US,light rain
419,Exeter,50.72,-3.53,51.01,94,100,17.47,GB,overcast clouds
420,Belaya Gora,68.53,146.42,29.07,78,95,11.81,RU,overcast clouds
421,Ngunguru,-35.62,174.5,46.99,95,0,4.0,NZ,clear sky
422,Laurel,39.1,-76.85,68.0,39,1,6.44,US,clear sky
423,Bodden Town,19.28,-81.25,86.0,84,40,11.41,KY,scattered clouds
424,Huarmey,-10.07,-78.15,68.83,67,6,13.27,PE,clear sky
425,Liku,-0.73,119.89,75.16,84,100,2.08,ID,heavy intensity rain
426,Haines Junction,60.75,-137.51,46.58,69,100,9.46,CA,overcast clouds
427,Inuvik,68.35,-133.72,42.8,93,75,2.24,CA,light intensity shower rain
428,Nhulunbuy,-12.23,136.77,77.0,78,90,4.7,AU,overcast clouds
429,Palauig,15.44,119.9,80.85,73,87,4.23,PH,overcast clouds
430,Anklam,53.86,13.69,60.01,88,15,1.01,DE,few clouds
431,Pacific Grove,36.62,-121.92,80.6,64,20,3.36,US,haze
432,Juegang,32.32,121.19,66.87,92,100,10.76,CN,moderate rain
433,Lihula,58.68,23.85,55.99,72,83,7.0,EE,broken clouds
434,Varzea Alegre,-5.35,-40.38,95.41,21,33,7.2,BR,scattered clouds
435,Orlik,52.52,99.83,23.13,79,37,2.15,RU,scattered clouds
436,Wanxian,30.8,108.39,64.27,85,100,6.02,CN,light rain
437,Manta,-0.95,-80.73,77.0,78,40,10.29,EC,scattered clouds
438,Angoche,-16.23,39.91,75.0,87,0,4.0,MZ,clear sky
439,Taquari,-29.8,-51.86,57.0,89,100,5.01,BR,overcast clouds
440,Pasni,25.26,63.47,86.49,34,0,11.5,PK,clear sky
441,Matveyevka,52.15,56.18,44.6,75,0,3.85,RU,clear sky
442,Alice,27.75,-98.07,87.8,40,1,8.05,US,clear sky
443,Farah,32.5,62.5,58.95,34,0,5.23,AF,clear sky
444,Goure,13.98,10.27,84.0,54,97,3.0,NE,overcast clouds
445,Bainbridge,47.63,-122.52,57.2,100,90,3.36,US,mist
446,Mayumba,-3.43,10.66,77.2,87,100,7.54,GA,overcast clouds
447,Ocampo,21.65,-101.5,67.05,35,0,9.66,MX,clear sky
448,Novopokrovka,49.84,36.55,53.6,54,46,8.95,UA,scattered clouds
449,Gaoual,11.75,-13.2,76.42,88,100,2.84,GN,overcast clouds
450,Namibe,-15.2,12.15,67.21,67,50,2.57,AO,scattered clouds
451,Iqaluit,63.75,-68.51,33.8,69,90,6.93,CA,overcast clouds
452,Fort Frances,48.6,-93.4,48.0,48,90,3.36,CA,overcast clouds
453,Natal,-5.79,-35.21,82.4,61,61,13.87,BR,broken clouds
454,Maceio,-9.67,-35.74,80.6,74,75,13.87,BR,broken clouds
455,Gualaquiza,-3.4,-78.55,72.86,78,100,1.66,EC,moderate rain
456,Dombarovskiy,50.76,59.54,51.67,70,3,7.49,RU,clear sky
457,Norilsk,69.35,88.2,26.6,92,0,29.08,RU,clear sky
458,Quelimane,-17.88,36.89,77.0,83,53,8.05,MZ,broken clouds
459,Ilawe,7.87,4.43,72.99,97,100,4.07,NG,overcast clouds
460,Ola,59.58,151.28,40.57,82,100,1.45,RU,overcast clouds
461,Kualakapuas,-3.01,114.39,73.4,100,100,1.12,ID,overcast clouds
462,Alta Floresta,-9.88,-56.09,98.91,22,65,1.59,BR,broken clouds
463,Fairfield,41.27,-73.32,66.0,42,20,8.05,US,few clouds
464,Voyvozh,62.89,54.96,30.15,98,0,3.74,RU,clear sky
465,Pidhaytsi,49.27,25.13,64.0,93,62,11.7,UA,broken clouds
466,Kupang,-10.17,123.58,75.87,83,100,7.63,ID,overcast clouds
467,Lakes Entrance,-37.88,147.98,63.0,55,67,9.19,AU,broken clouds
468,Hervey Bay,-25.3,152.85,63.0,74,46,1.01,AU,scattered clouds
469,Jensen Beach,27.25,-80.23,86.0,62,75,4.7,US,broken clouds
470,Natyrbovo,44.73,40.63,58.55,77,1,6.71,RU,clear sky
471,Kidal,18.44,1.41,96.12,23,38,3.74,ML,scattered clouds
472,Vila Franca Do Campo,37.72,-25.43,69.8,83,75,10.29,PT,broken clouds
473,Bucerias,20.75,-105.33,91.99,43,5,5.82,MX,clear sky
474,Piacabucu,-10.41,-36.43,77.56,75,59,10.69,BR,broken clouds
475,Sol-Iletsk,51.16,54.99,53.11,67,0,5.12,RU,clear sky
476,Rorvik,64.86,11.24,54.91,73,0,19.95,NO,clear sky
477,Mancora,-4.11,-81.05,82.4,54,8,13.87,PE,clear sky
478,Brae,60.4,-1.35,55.4,87,100,20.8,GB,overcast clouds
479,Basoko,1.24,23.62,73.94,81,0,3.33,CD,clear sky
480,Labuhan,-6.88,112.21,78.89,78,23,8.01,ID,few clouds
481,Gondanglegi,-7.75,112.01,76.01,81,96,15.46,ID,overcast clouds
482,Sao Filipe,14.9,-24.5,80.46,74,2,17.38,CV,clear sky
483,Todos Santos,23.45,-110.22,84.99,71,0,5.99,MX,clear sky
484,Dudinka,69.41,86.18,26.6,92,5,29.08,RU,clear sky
485,Mezen,65.85,44.24,34.48,89,0,4.32,RU,clear sky
486,Road Town,18.42,-64.62,82.4,83,40,9.17,VG,light rain
487,San Ramon,37.78,-121.98,91.0,20,1,3.22,US,haze
488,Makat,47.65,53.35,59.27,31,0,7.65,KZ,clear sky
489,Boguchany,58.38,97.45,38.98,90,100,5.08,RU,overcast clouds
490,Gimli,50.63,-96.99,52.0,99,76,3.0,CA,broken clouds
491,Borogontsy,62.67,131.17,25.43,95,0,3.76,RU,clear sky
492,Manadhoo,5.77,73.38,81.95,75,100,11.45,MV,overcast clouds
493,Huancavelica,-12.77,-74.98,46.09,70,99,9.78,PE,light rain
494,Northam,51.03,-4.22,54.0,88,100,8.99,GB,overcast clouds
495,Jalu,29.03,21.55,88.0,20,0,10.67,LY,clear sky
496,Gayeri,12.65,0.49,76.62,65,100,17.83,BF,moderate rain
497,Jintur,19.62,76.7,74.8,63,100,6.67,IN,overcast clouds
498,Kirakira,-10.45,161.92,78.71,80,2,6.89,SB,clear sky
499,Penzance,50.12,-5.54,51.8,66,47,21.92,GB,scattered clouds
500,Tokur,53.13,132.9,37.04,95,100,5.08,RU,light rain
501,Puerto Escondido,15.85,-97.07,86.0,62,40,8.05,MX,scattered clouds
502,Geraldton,-28.77,114.6,39.2,86,0,4.7,AU,clear sky
503,Zhigansk,66.77,123.37,31.55,99,100,16.8,RU,overcast clouds
504,Waipawa,-41.41,175.52,57.2,82,37,25.28,NZ,scattered clouds
505,Majdanpek,44.43,21.95,77.0,48,11,10.0,RS,few clouds
506,Tura,25.52,90.22,73.78,93,0,2.15,IN,clear sky
507,Filadelfia,39.95,-75.16,66.99,42,20,3.36,US,few clouds
508,Mporokoso,-9.37,30.12,67.21,37,31,2.66,ZM,scattered clouds
509,Celestun,20.87,-90.4,81.9,72,100,27.47,MX,light rain
510,Paddhari,22.43,70.6,79.81,79,0,7.76,IN,clear sky
511,Petrolina De Goias,-16.09,-49.34,102.2,10,0,8.05,BR,clear sky
512,Darapidap,17.21,120.41,78.82,81,51,4.0,PH,broken clouds
513,Omsukchan,62.53,155.8,29.41,93,15,0.96,RU,few clouds
514,Loiza,18.43,-65.88,84.2,78,75,12.75,PR,shower rain
515,Sandviken,60.62,16.77,53.01,92,85,1.01,SE,overcast clouds
516,Okhotsk,59.38,143.3,42.89,70,100,3.74,RU,overcast clouds
517,Provideniya,64.38,-173.3,37.06,79,66,9.53,RU,broken clouds
518,Morlaix,48.58,-4.0,51.8,81,75,16.11,FR,broken clouds
519,Roma,43.21,-75.46,55.0,58,90,10.29,US,overcast clouds
520,Luangwa,-15.62,30.42,78.62,34,0,3.36,ZM,clear sky
521,Aleksandrovka,46.84,32.76,62.6,88,70,6.71,UA,broken clouds
522,Sarkand,45.41,79.92,48.18,49,61,2.91,KZ,broken clouds
523,Ilhabela,-23.78,-45.36,73.98,88,75,6.89,BR,broken clouds
524,Yurino,56.29,46.3,50.0,61,0,4.47,RU,clear sky
525,West Bay,19.37,-81.42,86.0,84,40,11.41,KY,scattered clouds
526,Krasnoselkup,65.7,82.47,29.86,98,100,25.3,RU,overcast clouds
527,Tecoanapa,16.52,-98.75,85.87,53,96,8.61,MX,overcast clouds
528,Broken Hill,-31.95,141.43,77.0,25,82,14.99,AU,broken clouds
529,Kokopo,-4.35,152.26,78.22,84,22,10.96,PG,few clouds
530,Chitral,35.85,71.79,62.28,37,0,0.69,PK,clear sky
531,Thohoyandou,-22.95,30.48,65.91,81,7,1.39,ZA,clear sky
532,Nantucket,41.28,-70.1,68.0,45,75,9.17,US,broken clouds
533,Grindavik,63.84,-22.43,42.8,87,75,13.87,IS,shower rain
534,Kununurra,-15.77,128.73,77.0,100,21,6.93,AU,few clouds
535,Urumqi,43.8,87.6,48.2,42,100,4.47,CN,overcast clouds
536,Shubarkuduk,49.14,56.49,51.87,39,0,4.65,KZ,clear sky
537,Lata,40.16,-8.33,61.0,71,23,5.01,PT,few clouds
538,Stornoway,58.21,-6.39,50.0,93,100,6.93,GB,light rain
539,Ust-Koksa,50.27,85.61,32.76,89,0,1.32,RU,clear sky
540,Osa,57.28,55.46,38.14,78,42,6.62,RU,scattered clouds
541,Marevo,57.31,32.08,55.17,69,100,10.07,RU,overcast clouds
542,Opuwo,-18.06,13.84,66.96,24,67,4.47,NA,broken clouds
543,Adrar,20.5,-10.07,91.98,18,0,11.61,MR,clear sky
544,Baykit,61.67,96.37,39.56,89,100,5.59,RU,light rain
545,Ayagoz,47.97,80.44,39.42,70,0,3.49,KZ,clear sky
546,Flin Flon,54.77,-101.86,48.2,57,75,6.93,CA,broken clouds
547,Cockburn Town,21.46,-71.14,87.8,62,40,17.22,TC,scattered clouds
548,Begoro,6.39,-0.38,70.45,99,48,4.29,GH,scattered clouds
549,Ceyhan,37.02,35.82,78.01,73,0,3.36,TR,clear sky
550,La Baule-Escoublac,47.29,-2.36,53.6,76,75,20.8,FR,broken clouds
551,Menemen,38.61,27.07,71.6,60,19,2.24,TR,few clouds
552,Pimentel,-6.84,-79.93,73.4,60,95,20.8,PE,overcast clouds
553,Rabo De Peixe,37.8,-25.58,69.8,83,75,10.29,PT,broken clouds
554,Akdepe,42.06,59.38,51.8,43,7,6.93,TM,clear sky
555,Saint-Pierre,-21.34,55.48,73.4,78,75,17.22,RE,broken clouds
556,Balgarovo,42.62,27.3,70.0,82,12,11.41,BG,few clouds
557,Jhelum,32.93,73.73,74.55,27,0,2.62,PK,clear sky
558,Derzhavinsk,51.1,66.32,51.31,47,62,5.75,KZ,broken clouds
559,Madang,-5.22,145.8,76.24,89,78,1.3,PG,broken clouds
560,Corn Island,12.17,-83.04,82.09,72,30,2.46,NI,scattered clouds
561,Inirida,3.87,-67.92,89.94,56,66,0.38,CO,heavy intensity rain
562,Khani,41.96,42.96,60.8,100,40,4.7,GE,scattered clouds
563,Abha,18.22,42.51,68.0,17,0,6.93,SA,clear sky
564,Kropotkin,45.44,40.58,60.6,55,54,9.13,RU,broken clouds
565,Bellevue,47.61,-122.2,57.2,87,90,3.02,US,mist
566,Novyy Urengoy,66.08,76.63,30.9,93,3,20.83,RU,clear sky
567,Santa Maria,-29.68,-53.81,54.95,82,95,16.98,BR,overcast clouds
568,Prieska,-29.66,22.75,60.01,33,0,4.32,ZA,clear sky
569,Palana,59.12,159.97,34.72,86,37,6.87,RU,scattered clouds
570,Port-Gentil,-0.72,8.78,78.8,88,40,9.17,GA,scattered clouds
571,Rio Grande,-32.03,-52.1,55.99,78,100,5.01,BR,overcast clouds
572,Severnoye,56.35,78.36,48.52,87,100,6.46,RU,overcast clouds
573,Pekan,3.48,103.4,78.8,88,20,4.7,MY,few clouds
574,Hambantota,6.12,81.12,78.8,88,20,9.17,LK,few clouds
575,Amzya,56.24,54.39,43.03,70,83,9.24,RU,broken clouds
576,Kedgwick,47.64,-67.34,50.74,67,100,6.02,CA,overcast clouds
577,Weiser,44.25,-116.97,79.0,28,1,4.7,US,clear sky
578,Baghdad,33.34,44.4,84.2,30,0,4.7,IQ,clear sky
579,Kaeo,-35.1,173.78,46.99,95,0,4.0,NZ,clear sky
580,Hastings,50.86,0.57,55.0,77,100,1.01,GB,overcast clouds
581,Lavrentiya,65.58,-171.0,37.63,79,93,17.65,RU,overcast clouds
582,Acajutla,13.59,-89.83,84.2,66,40,3.36,SV,scattered clouds
583,Maneadero,31.72,-116.57,89.65,25,0,6.85,MX,clear sky
584,Coos Bay,43.37,-124.22,61.0,93,90,5.82,US,overcast clouds
585,Yara,20.28,-76.95,87.98,69,18,6.55,CU,few clouds
586,Nebbi,2.48,31.09,66.67,85,100,5.06,UG,light rain
587,Kalmunai,7.42,81.82,80.28,72,100,4.72,LK,overcast clouds
588,Zyryanskoye,56.83,86.63,45.21,81,98,13.11,RU,overcast clouds
589,Novogornyy,55.63,60.79,42.8,81,40,4.47,RU,scattered clouds
590,Lufilufi,-13.87,-171.6,77.0,94,90,16.11,WS,overcast clouds
591,Danielskuil,-28.19,23.54,48.9,45,0,7.72,ZA,clear sky
592,Kovdor,67.57,30.48,41.58,95,63,5.28,RU,broken clouds
593,Thaton,16.92,97.37,77.18,92,100,1.74,MM,light rain
594,Tarata,-17.62,-66.02,80.6,21,20,11.41,BO,few clouds
595,Dale,38.17,-86.99,66.2,39,20,3.36,US,haze
596,Zambezi,-13.54,23.1,75.94,30,0,3.58,ZM,clear sky
597,Tumen,42.97,129.84,44.04,77,0,1.36,CN,clear sky
598,Robore,-18.33,-59.75,89.6,41,53,5.59,BO,broken clouds
599,Jardim,-21.48,-56.14,102.81,19,54,9.4,BR,broken clouds
600,Bayshore Gardens,27.43,-82.59,80.6,74,75,10.29,US,moderate rain
601,Nueva Guinea,11.69,-84.46,83.46,78,99,11.63,NI,overcast clouds
602,Shiliguri,26.7,88.43,77.41,88,91,3.18,IN,overcast clouds
603,Tra Vinh,9.93,106.35,77.27,93,100,3.83,VN,overcast clouds
604,The Valley,18.22,-63.06,84.2,83,20,6.93,AI,few clouds
605,Buenos Aires,-34.61,-58.38,54.0,57,40,21.92,AR,scattered clouds
606,Nikki,9.94,3.21,73.54,90,37,4.32,BJ,scattered clouds
607,Pouembout,-21.13,164.9,66.2,73,0,8.84,NC,clear sky
608,Kasama,-10.21,31.18,70.57,31,0,8.39,ZM,clear sky
609,San Carlos De Bariloche,-41.15,-71.31,39.2,55,75,8.05,AR,light snow
610,Petatlan,17.52,-101.27,91.4,55,40,9.17,MX,scattered clouds
611,Beyneu,45.32,55.2,54.18,40,0,5.28,KZ,clear sky
612,Marsa Matruh,31.35,27.25,77.0,69,0,5.82,EG,clear sky
613,Havre-Saint-Pierre,50.23,-63.6,51.8,66,1,16.11,CA,clear sky
614,Zhezkazgan,47.8,67.71,49.8,63,13,6.85,KZ,few clouds
615,Winona,43.97,-91.77,50.0,48,75,3.36,US,broken clouds
616,Jingcheng,32.01,120.26,64.99,95,100,1.99,CN,light rain
617,Turukhansk,65.82,87.98,42.62,95,100,5.82,RU,light rain
618,Tshane,-24.02,21.87,67.17,20,11,10.25,BW,few clouds
619,Alyangula,-13.85,136.42,73.4,83,75,6.15,AU,broken clouds
620,Lafiagi,8.87,5.42,77.11,88,59,1.9,NG,moderate rain
621,Calabaca,14.3,122.43,79.68,86,44,4.43,PH,scattered clouds
622,Limbang,4.75,115.0,77.0,94,75,4.7,MY,broken clouds
623,Bilma,18.69,12.92,92.73,14,0,6.64,NE,clear sky
624,Springdale,36.19,-94.13,71.6,46,20,12.75,US,few clouds
625,Luanda,-8.84,13.23,75.2,78,20,11.41,AO,few clouds
626,Entre Rios,-11.94,-38.08,77.54,67,36,8.41,BR,scattered clouds
627,Landerneau,48.45,-4.25,51.8,81,75,16.11,FR,broken clouds
628,Terrak,65.09,12.37,59.0,51,0,11.41,NO,clear sky
629,Le Vauclin,14.55,-60.84,86.0,70,20,11.41,MQ,few clouds
630,Asfi,32.3,-9.24,66.2,66,0,21.54,MA,clear sky
631,Vysha,53.85,42.38,52.92,72,100,4.81,RU,overcast clouds
632,Kristiinankaupunki,62.27,21.38,53.6,77,2,11.5,FI,clear sky
633,Beian,63.66,9.57,57.2,62,0,18.34,NO,clear sky
634,Emmett,43.87,-116.5,79.0,27,0,3.36,US,clear sky
635,Sucua,-2.47,-78.17,66.2,93,90,4.7,EC,light intensity drizzle rain
636,Sudak,44.85,34.97,65.32,64,100,2.57,UA,overcast clouds
637,Cambridge,43.36,-80.31,53.01,57,75,6.93,CA,broken clouds
638,Glenluce,54.88,-4.81,48.99,93,100,3.0,GB,light rain
639,Tabuk,17.42,121.44,72.73,81,19,1.97,PH,few clouds
640,Nakano,36.75,138.37,59.0,92,100,1.01,JP,overcast clouds
641,Coihaique,-45.58,-72.07,59.0,22,0,4.7,CL,clear sky
642,Anse-Bertrand,16.47,-61.51,86.0,70,100,11.41,GP,overcast clouds
643,Burns Lake,54.23,-125.75,66.36,53,79,2.51,CA,broken clouds
644,Mbini,1.57,9.61,80.6,88,40,6.93,GQ,scattered clouds
645,Natalio,-26.72,-55.08,83.64,48,7,6.98,PY,clear sky
646,Ucluelet,48.93,-125.55,59.0,100,90,3.36,CA,mist
647,Metu,8.3,35.58,59.27,98,100,2.42,ET,light rain
648,Patan,27.67,85.33,69.8,88,75,2.24,NP,broken clouds
649,Pokhara,28.23,83.98,68.67,55,0,4.12,NP,clear sky
650,Black Forest,39.01,-104.7,64.4,27,1,4.7,US,clear sky
651,Bonthe,7.53,-12.51,78.44,87,100,7.61,SL,light rain
652,Morehead,37.27,-87.18,69.8,34,40,4.21,US,scattered clouds
653,Kungurtug,50.6,97.52,24.66,75,75,1.12,RU,broken clouds
654,Hirado,33.36,129.55,73.0,65,100,1.36,JP,overcast clouds
655,Grand Gaube,-20.01,57.66,69.01,80,0,9.91,MU,clear sky
656,Hirara,24.8,125.28,79.72,69,88,9.31,JP,overcast clouds
657,Varadero,23.15,-81.25,84.2,79,75,2.24,CU,broken clouds
658,Itororo,-15.12,-40.07,86.41,35,0,6.67,BR,clear sky
659,Mogocha,53.73,119.77,30.96,95,100,7.96,RU,overcast clouds
660,Sambava,-14.27,50.17,74.28,81,60,7.45,MG,broken clouds
661,Ajaccio,42.0,8.92,57.2,87,100,5.82,FR,overcast clouds
662,Mackenzie,55.3,-123.17,60.8,72,20,11.41,CA,few clouds
663,Sioux Lookout,50.1,-91.92,41.0,52,75,4.7,CA,broken clouds
664,Mountain Home,43.13,-115.69,71.6,24,20,4.7,US,few clouds
665,Ashland,40.82,-82.27,55.99,50,20,3.36,US,few clouds
666,Chala,-7.58,31.27,69.8,46,49,7.76,TZ,scattered clouds
667,Ixtapa,20.7,-105.2,91.99,43,5,5.82,MX,clear sky
668,Aki,33.5,133.9,69.33,73,99,4.85,JP,overcast clouds
669,Namatanai,-3.67,152.43,80.19,79,99,8.19,PG,light rain
670,Kalmar,56.66,16.36,59.0,93,100,18.34,SE,overcast clouds
671,Tutoia,-2.76,-42.27,81.28,75,69,15.1,BR,broken clouds
672,San Juan,-31.54,-68.54,62.62,33,37,4.32,AR,scattered clouds
673,Noumea,-22.28,166.46,71.01,77,75,3.36,NC,broken clouds
674,Korla,41.76,86.15,52.66,38,0,3.06,CN,clear sky
675,Vila Velha,-20.33,-40.29,84.0,74,0,17.22,BR,clear sky
676,Voh,-20.97,164.7,66.06,74,0,7.38,NC,clear sky
677,Shumyachi,53.86,32.42,52.38,63,100,10.0,RU,overcast clouds
678,Puro,12.48,123.38,80.73,82,99,2.44,PH,moderate rain
679,Tasquillo,20.55,-99.3,69.01,48,33,10.42,MX,scattered clouds
680,Bensonville,6.45,-10.61,75.04,94,100,4.09,LR,light rain
681,Vyartsilya,62.18,30.69,50.04,88,99,7.27,RU,overcast clouds
682,Guerrero,17.67,-100.0,77.02,45,1,5.55,MX,clear sky
683,Bichena,10.45,38.2,54.19,90,88,1.81,ET,light rain
684,Glowno,51.96,19.72,64.99,72,1,9.17,PL,clear sky
685,Aitape,-3.14,142.35,78.01,82,7,6.64,PG,light rain
686,Swan River,52.11,-101.27,47.41,56,35,2.71,CA,scattered clouds
687,Cranbrook,49.5,-115.77,62.6,48,20,4.7,CA,few clouds
688,Shelburne,44.08,-80.2,52.0,61,75,2.24,CA,broken clouds
689,Soyo,-6.13,12.37,76.35,86,95,12.84,AO,overcast clouds
690,Luwingu,-10.26,29.93,69.48,24,57,4.68,ZM,broken clouds
